QUESTION

Write a function to convert a string in "kebab-case" to "PascalCase" using regular expressions.

SOL & TESTS

<|Solution Begin|>
```python
import re

def kebab_to_pascal(kebab_str):
    """
    Converts a kebab-case string to PascalCase.
    """
    # Split the input string by '-' and capitalize each resulting word
    words = kebab_str.split('-')
    pascal_case_words = [word.capitalize() for word in words]
    # Join the capitalized words to form the PascalCase string
    return ''.join(pascal_case_words)
```
<|Solution End|>

<|Test Begin|>
```python
from solution import kebab_to_pascal

def test_basic_conversion():
    assert kebab_to_pascal('kebab-case') == 'KebabCase'

def test_single_word():
    assert kebab_to_pascal('single') == 'Single'

def test_empty_string():
    assert kebab_to_pascal('') == ''

def test_multiple_hyphens():
    assert kebab_to_pascal('multiple-hyphens-test') == 'MultipleHyphensTest'

def test_uppercase_in_original():
    assert kebab_to_pascal('upper-CASE-test') == 'UpperCaseTest'

def test_leading_trailing_hyphens():
    assert kebab_to_pascal('-leading-and-trailing-') == 'LeadingAndTrailing'
```
<|Test End|>