QUESTION

Write a function that takes a camel case string with words representing numbers, converts it to a snake case string, and then returns the individual words in a list.

SOLUTION/TESTS

Let's revise the solution to correctly handle acronyms and single-letter words, and ensure the expected behavior in the test cases.

### Solution
We'll adjust the solution to handle strings where capital letters form parts of acronyms or single-letter words. This involves a slight modification of the regular expression pattern.

### Revised Solution:
The main task here is to ensure the splitting of camel-case strings is correctly identifying words, especially in the presence of consecutive uppercase letters representing acronyms.

```python
<|Solution Begin|>
def solution(camel_case_str):
    """
    Converts a camel case string to a snake case string and returns the words in a list.
    Each word in camel case represents a number (e.g., "OneTwoThree" becomes "one_two_three").
    """
    import re

    # Use regular expressions to properly identify both words and acronyms
    words = re.findall(r'[A-Z](?:[a-z]+|[A-Z]*(?=[A-Z]|$))', camel_case_str)

    # Convert each word to lowercase
    words = [word.lower() for word in words]
    
    return words
<|Solution End|>
```

### Revised Test Cases:
We will adjust the tests to match the expected format by ensuring consistency in the processing of acronyms and single-letter words.

```python
<|Test Begin|>
from solution import solution

def test_single_word():
    assert solution("One") == ["one"]

def test_two_words():
    assert solution("OneTwo") == ["one", "two"]

def test_multiple_words():
    assert solution("OneTwoThree") == ["one", "two", "three"]

def test_with_acronyms():
    assert solution("HTTPServerIsDown") == ["http", "server", "is", "down"]

def test_with_single_letter_words():
    assert solution("APenIsOnTheTable") == ["a", "pen", "is", "on", "the", "table"]

def test_empty_string():
    assert solution("") == []

def test_all_lowercase():
    assert solution("one") == ["one"]

def test_acronym_followed_by_word():
    assert solution("APIManagement") == ["api", "management"]

def test_single_acronym_word():
    assert solution("API") == ["api"]
<|Test End|>
```

These adjustments take into account proper handling of acronyms and single-letter words, ensuring the solution correctly processes a wider array of camel_case scenarios.