QUESTION

Create a Python function that takes a string in camel case format representing a mathematical expression (e.g., "firstValuePlusSecondValue") and converts it into a snake case format (e.g., "first_value_plus_second_value"). Then, evaluate the mathematical expression by substituting values from a given dictionary, where keys correspond to snake case variable names (e.g., {"first_value": 10, "second_value": 5}), using a map and lambda approach. The function should return the result of the evaluated expression.

SOL & TESTS

<|Solution Begin|>```python
import re

def camel_to_snake(camel_str):
    """
    Converts a camel case string to snake case.
    """
    return re.sub(r'(?<!^)(?=[A-Z])', '_', camel_str).lower()

def evaluate_expression(expr, values_dict):
    """
    Evaluates a mathematical expression represented in camel case format by
    converting it to snake case and substituting values from a dictionary.
    """
    # Convert the camel case expression to snake case
    snake_expr = camel_to_snake(expr)
    
    # Split the snake case expression into variables and operators
    parts = re.findall(r'[a-z_]+|[+\-*/]', snake_expr)
    
    # Map variables to their values from the dictionary using a lambda function
    eval_list = map(lambda x: str(values_dict.get(x, x)), parts)
    
    # Join all parts back to form a complete mathematical expression string
    eval_str = "".join(eval_list)
    
    # Evaluate the expression and return the result
    return eval(eval_str)
```
<|Solution End|>

<|Test Begin|>
```python
def test_evaluate_simple_addition():
    expr = "firstValuePlusSecondValue"
    values_dict = {"first_value": 10, "second_value": 5}
    assert evaluate_expression(expr, values_dict) == 15

def test_evaluate_multiplication():
    expr = "firstValueTimesSecondValue"
    values_dict = {"first_value": 4, "second_value": 5}
    assert evaluate_expression(expr, values_dict) == 20

def test_evaluate_complex_expression():
    expr = "aPlusBMinusCTimesD"
    values_dict = {"a": 10, "b": 5, "c": 2, "d": 3}
    assert evaluate_expression(expr, values_dict) == 11

def test_evaluate_expression_missing_variable():
    expr = "xPlusY"
    values_dict = {"x": 7}
    try:
        evaluate_expression(expr, values_dict)
        assert False, "Expected a KeyError due to missing value for 'y'"
    except KeyError:
        assert True

def test_evaluate_expression_division():
    expr = "xDividedByY"
    values_dict = {"x": 10, "y": 2}
    assert evaluate_expression(expr, values_dict) == 5.0

def test_camel_to_snake_conversion():
    assert camel_to_snake("firstValuePlusSecondValue") == "first_value_plus_second_value"
    assert camel_to_snake("calculateTotalPrice") == "calculate_total_price"
```
<|Test End|>