QUESTION

Convert a string from kebab case to snake case using simple string manipulation techniques.

SOL & TESTS

<|Solution Begin|>```python
def kebab_to_snake(kebab_str):
    """
    Converts a string from kebab-case to snake_case.
    
    Parameters:
    kebab_str (str): The string in kebab-case.
    
    Returns:
    str: The string converted to snake_case.
    """
    return kebab_str.replace('-', '_')
```
<|Solution End|>

<|Test Begin|>
```python
from solution import kebab_to_snake

def test_kebab_to_snake_basic():
    assert kebab_to_snake('kebab-case-string') == 'kebab_case_string'

def test_kebab_to_snake_no_hyphen():
    assert kebab_to_snake('nohyphenhere') == 'nohyphenhere'

def test_kebab_to_snake_multiple_hyphens():
    assert kebab_to_snake('multiple-hyphens-in-this-string') == 'multiple_hyphens_in_this_string'

def test_kebab_to_snake_single_word():
    assert kebab_to_snake('word') == 'word'

def test_kebab_to_snake_empty_string():
    assert kebab_to_snake('') == ''

def test_kebab_to_snake_hyphens_only():
    assert kebab_to_snake('---') == '___'
```
<|Test End|>